Facial Paint,Black Forhead
Facial Paint,Black Paint A
Facial Paint,Black Paint B
Facial Paint,Black Paint C
Facial Paint,Black Paint D
Facial Paint,Black Paint E
Facial Paint,Black Paint F
Facial Paint,Black Paint G
Facial Paint,Black Paint H
Facial Paint,Black Paint I
Facial Paint,Black Paint J
Facial Paint,Black Paint K
Facial Paint,Black Paint L
Facial Paint,Black Paint M
Facial Paint,Black Paint Woman
Facial Paint,Blackwing
Facial Paint,Camo Fingerpaint 1
Facial Paint,Camo Fingerpaint 2
Facial Paint,Camo Fingerpaint 3
Facial Paint,Camo Fingerpaint 4
Facial Paint,Camo Fingerpaint 5
Facial Paint,Camo Fingerpaint 6
Facial Paint,Camo Fingerpaint 7
Facial Paint,Camo Fingerpaint 8
Facial Paint,Camo Fingerpaint 9
Facial Paint,Camo Fingerpaint 10
Facial Paint,Camo Fingerpaint 11
Facial Paint,Camo Fingerpaint 12
Facial Paint,Camo Fingerpaint 13
Facial Paint,Camo Fingerpaint 14
Facial Paint,Camo Fingerpaint Forrest
Facial Paint,Camo Fingerpaint Snow
Facial Paint,Camo Paint 1
Facial Paint,Camo Paint 2
Facial Paint,Camo Paint 3
Facial Paint,Camo Paint 4
Facial Paint,Festus
Facial Paint,Red Under-eye
Facial Paint,Shredded T-800
Facial Paint,Shark

Head Protection,3E Black Arrow
Head Protection,5.11® Boonie Hat
Head Protection,5.11® Flag Bearer Cap
Head Protection,5.11® Flag Bearer Cap Alt
Head Protection,ACH Helmet
Head Protection,Aviator Hat
Head Protection,Balistic Helmet
Head Protection,Bandana
Head Protection,Baseball Cap
Head Protection,Beanie
Head Protection,Beret
Head Protection,Boonie Generic
Head Protection,Bump Helmet
Head Protection,Bump Helmet Covered
Head Protection,Campaign Hat
Head Protection,Chapka
Head Protection,Covered ACH Helmet
Head Protection,Covered PASGT Helmet
Head Protection,Crye Airframe Helmet
Head Protection,Enhanced Field Cap
Head Protection,Field Cap
Head Protection,Fourth Echelon
Head Protection,Gentex SOHA Helmet
Head Protection,Nightmare Cap
Head Protection,Nomad Cap
Head Protection,Ops-Core FAST Helmet
Head Protection,Ops-Core FAST Helmet Covered
Head Protection,Polar Fleece Beanie
Head Protection,Reversed Baseball Cap
Head Protection,Riot Helmet
Head Protection,Sentinel Breacher Helmet MK3
Head Protection,Stetson
Head Protection,Survivor Band
Head Protection,Trucker Cap
Head Protection,Wool Driver Cap
Head Protection,Sentinel MK2 Heavy Helmet

Headset,Earpeice
Headset,Ops-Core AMP Headset
Headset,Peltor
Headset,Revision ComCener2 Headset
Headset,Safariland Liberator HP
Headset,TCI Liberator II Headset
Headset,TCI Patrol II Headset

Sunglasses,5.11® Burner Sunglasses
Sunglasses,Aviator Goggles
Sunglasses,Aviators
Sunglasses,Downcurve Sunglasses
Sunglasses,ESS Crossbow
Sunglasses,Eye Patch
Sunglasses,Goggles ACH
Sunglasses,Oakley Halo Goggles
Sunglasses,Oakley M Frame Glasses
Sunglasses,Revision BulletAnt Goggles
Sunglasses,Round Glasses
Sunglasses,Scuba Mask
Sunglasses,Sentinel Goggles
Sunglasses,Skell Glasses
Sunglasses,Tactical Radar
Sunglasses,Terminator Shades
Sunglasses,Red Eye Terminator Sunglasses

Pack,3 Day Assault Pack
Pack,5.11® All Hazard Backpack A
Pack,5.11® AMP 24 Backpack
Pack,5.11® RUSH24 Backpack
Pack,Blackhawk Cyane Pack
Pack,BLACKHAWK Cyane With Tarp
Pack,BLACKHAWK Cyclone Pack
Pack,Crye AVS1000 Pack
Pack,DA Dragon Egg MKII Pack
Pack,Fixit
Pack,Flycatcher Backpack
Pack,Fury Crye ACS
Pack,Nomad AMP24
Pack,Tac Tailor Hydration Pack
Pack,Tac Tailor Operator Pack
Pack,US Government Molle II Rucksack
Pack,Hills Backpack

Vest,5.11® Taclite® Vest
Vest,5.11® TacTec® Vest
Vest,5.11® VTAC® Lightweight Vest
Vest,A.L.I.C.E Chest Rig
Vest,Architect Vest
Vest,BLACKHAWK OMEGA Vest
Vest,BLACKHAWK S.T.R.I.K.E Shoulder Pad
Vest,BLACKHAWK S.T.R.I.K.E Vest
Vest,Commissar Coat
Vest,Cross-Draw Vest
Vest,Crye AVS Vest
Vest,Crye JPC Vest
Vest,Drone Operator Light Vest
Vest,Dual Harness Vest
Vest,Eagle Industries Chest Rig
Vest,Flayed Vest
Vest,Flayered Chest (Panther)
Vest,Flycatcher Vest
Vest,Fury Vest
Vest,Golem Cape
Vest,Golem Vest
Vest,Heavy Gunner Tac-Vest
Vest,Judge Plate
Vest,Ocelot Chest Rig
Vest,Rosebud Vest
Vest,S&S Plate Frame
Vest,Sentinel Mk.II Vest
Vest,Sentinel Sniper Chest Rig
Vest,Silverback Vest
Vest,Third Echelon Vest
Vest,VelSyst Scarab Vest
Vest,Walker Vest
Vest,Wolf Armour
Vest,Yellowleg Vest

Left Arm Tattoo,American Eagle
Left Arm Tattoo,Blackwork
Left Arm Tattoo,PhD in CQC
Left Arm Tattoo,Blessing
Left Arm Tattoo,Cyberdeath
Left Arm Tattoo,Dead Woods
Left Arm Tattoo,Digital Skin
Left Arm Tattoo,Faith
Left Arm Tattoo,Fleeting Time
Left Arm Tattoo,Koi
Left Arm Tattoo,Prison of the Mind
Left Arm Tattoo,Regal Blossom
Left Arm Tattoo,Roses
Left Arm Tattoo,Sawn Song
Left Arm Tattoo,Soaring Eagle
Left Arm Tattoo,Twilight Lotus
Left Arm Tattoo,Vanitas
Left Arm Tattoo,Swooping Eagle
Left Arm Tattoo,Shredded Arm (Left)

Right Arm Tattoo,Ashes to Ashes
Right Arm Tattoo,Astral Edict
Right Arm Tattoo,Bold Eagle
Right Arm Tattoo,Commando Hunter
Right Arm Tattoo,Cosmic Order
Right Arm Tattoo,Fateful Battle
Right Arm Tattoo,Freedom Eagle
Right Arm Tattoo,Full Bloom
Right Arm Tattoo,Fury's Tattoo
Right Arm Tattoo,Layered Sleeve
Right Arm Tattoo,Light Swirl
Right Arm Tattoo,Meaning of Life
Right Arm Tattoo,Mourning
Right Arm Tattoo,Nomad's Tattoo
Right Arm Tattoo,Repentance
Right Arm Tattoo,Twisted Dream
Right Arm Tattoo,Shredded Arm (Right)

Top,5.11® Expedition Shirt
Top,Aged Tee
Top,Architect Top
Top,Arcturus Ghost Ghili
Top,Arcturus Warrior Ghili
Top,Army Jacket
Top,Commissar Shirt
Top,Delta Company
Top,Fixit Shirt
Top,Flayered Chest (Panther)
Top,Fourth Echelon
Top,G3 Combat Shirt
Top,Golem Armour
Top,GR Skull T-Shirt
Top,Helikon-Tex GridFleece Top
Top,Helikon CPU
Top,Helikon-Tex MK2 Shirt
Top,Hoodie
Top,Indie Jones Shirt
Top,Judge Top
Top,Leather Jacket
Top,Lieutenant Top
Top,Lumberjack Shirt
Top,Nomad T-Shirt 2
Top,Paladin Nine Top
Top,Panther T-Shirt
Top,Pocket Tee
Top,Punk T-Shirt
Top,Resistence Vest
Top,Rolled-up Sleeve Shirt
Top,Rosebud Top
Top,Scuba Top
Top,Sentinel Armour
Top,Sentinel Jacket
Top,Sharpshooter T-Shirt
Top,Silencer Top
Top,Soflete T-Shirt
Top,Soft Shell
Top,Sport Zipped Sweater
Top,Sunrock T-Shirt
Top,T-Shirt
Top,Tank Top
Top,Third Echelon Top
Top,Turtleneck
Top,Vasily Sniper Shirt
Top,Zipped Hoodie
Top,Zipped Sweater
Top,Waterproof Top
Top,Sleeveless Jacket
Top,Sports Jacket
Top,Large Rainstorm Coat
Top,Urban Hero Jacket
Top,Spandex Shirt

Gloves,5.11® Tac A2 Gloves
Gloves,Architect Gloves
Gloves,BLACKHAWK ELITE Gloves
Gloves,BLACKHAWK P?
Gloves,BLACKHAWK SOLAG Gloves
Gloves,Civilian Work Gloves
Gloves,Commissar Gloves
Gloves,Durable Leather Gloves
Gloves,Fingerless Gloves
Gloves,Fourth Echelon Gloves
Gloves,Golem Gloves
Gloves,Hatch Operator Gloves
Gloves,Judge Gloves
Gloves,Leather Gloves
Gloves,Oakley Lightweight Gloves
Gloves,Oakley SI Assault Gloves
Gloves,Paladin Nine Gloves
Gloves,Plastic Gloves
Gloves,Punk Gloves
Gloves,S&S WetWorX Cold Gloves
Gloves,S&S WetWorX Warm Gloves
Gloves,Scuba Gloves
Gloves,Sentinel Gloves
Gloves,Silencer Gloves
Gloves,Ski Gloves
Gloves,Soft Gloves
Gloves,Third Echelon Gloves
Gloves,VelSyst Trigger Gloves
Gloves,Wolf Extreme Cold Weather Mittens
Gloves,Wolf Gloves

Facemask,AirSoft Skull Mask
Facemask,Balaclava Sniper
Facemask,Cross-Nose Balaclava
Facemask,Flycatcher Mask
Facemask,Gasmask Avon M50
Facemask,Half Moon Balaclava
Facemask,MASKA-1SCh
Facemask,Rosebud Mask
Facemask,Scarf A
Facemask,Shemagh
Facemask,Stealth Balaclava
Facemask,Sylverback Mask
Facemask,Wolf Mask
Facemask,Wolf Mask B
Facemask,Wolf Mask C
Facemask,Wrapped Shemagh
Facemask,Yellowleg Mask
Facemask,Commissar Helm
Facemask,Fourth Echelon Mask
Facemask,Paladin Nine Mask
Facemask,Architect Mask
Facemask,Flayered Skull (Panther)
Facemask,Golem Mask
Facemask,Half Mask
Facemask,Heavy Duty Gas Mask
Facemask,Heli Helmet
Facemask,Judge Mask
Facemask,Silencer Mask
Facemask,Ninja Half Mask
Facemask,Rebel Balistic Mask

Pants,Architect Pants
Pants,BLACKHAWK LW Pants
Pants,Cargo Pants A
Pants,Chinos
Pants,Commissar Slacks
Pants,Crye G3 Combatpants
Pants,Crye G3 Kneepads
Pants,Fixit Pants
Pants,Flayered Legs (Panther)
Pants,Fourth Echelon Pants
Pants,Fury Pants
Pants,Ghost Ghili Pants
Pants,Golem Pants
Pants,Heat Regulation Tac Pants
Pants,Helikon-Tex CPU Pants
Pants,Helikon-Text SP Kneepads
Pants,Jeans
Pants,Jeans A Kneepads
Pants,Judge Pants
Pants,Kilt
Pants,Nomad Pants
Pants,Paladin Nine Pants
Pants,Punk Pants
Pants,Rosebud Pants
Pants,Scuba Pants
Pants,Silencer Pants
Pants,Survivor Pants
Pants,TacStryke Kneepads
Pants,Thigh Pad Shorts
Pants,Vasily Pants
Pants,Warrior Ghilli
Pants,Wolf Tactical Pants
Pants,Yellowleg Pants
Pants,Third Echelon Pants
Pants,Sentinel MK2 Heavy Pants

NVG,L3GP
NVG,PS15ATN
NVG,Steiner Vision

Shoes,5.11® Fast-Tac Boots
Shoes,Combat Boots
Shoes,Fourth Echelon Boots
Shoes,Lightweight Boots
Shoes,Navy Boots
Shoes,Oakley Light Assault Boots
Shoes,Oakley LSA
Shoes,Paladin Nine Boots
Shoes,Punk Boots
Shoes,Ranger Boots
Shoes,Reinforced Boots
Shoes,Self-Fastening Ankle Boots
Shoes,Soft Shoes
Shoes,Steel-Toed Boots
Shoes,Third Echelon Boots
Shoes,Traction Boots
Shoes,UA Agent Tactical Boots
Shoes,UA Infil Boots
Shoes,UA Speed Freek Boots
Shoes,UA Valstetz RTS Boots
